id	file
lumb_1	03b447b0-d92c-4d78-a496-fcf20be55ce5
lumb_2	05afee4e-9acd-44f1-8a0c-ffa34d772b9c
lumb_3	06007408-83ae-42dd-b7ea-bd017e97669f
lumb_4	06885aa5-33ae-4eab-ae31-f5f9c9b16480
lumb_5	07e28d9a-a162-4def-b3db-1ad0ce9827f3
lumb_6	09a7d8d3-0973-405b-96e0-01b579b331b4
lumb_7	0a28c663-7cc6-466c-b64d-f9d8d6d6b4c8
lumb_8	0a972399-22e7-41f5-af02-e2cbc04c72f3
lumb_9	0a9860d2-bf4a-4951-8bec-e9106594a1e8
lumb_10	0b6fed27-b3fc-4078-a9d3-e766d718c19b
lumb_11	0cea4cc3-5997-4ab3-8528-2e13e1e0fade
lumb_12	0da7828c-fa60-464e-bf84-43de16003663
lumb_13	105f3c7d-547d-45d9-b722-5c9fa04ee8d0
lumb_14	11e4ced1-680d-482e-85fc-0a518c4f3e81
lumb_15	145a4a31-347b-418f-a5ad-4e77ca35e3ca
lumb_16	1580dd65-d698-4a80-8345-ad50e16709d1
lumb_17	1614a21e-1cc6-430a-a5da-c2a15e4542b2
lumb_18	17f5d685-ed80-4953-b02e-b069e529faa6
lumb_19	18466ec8-1c12-4047-b792-9693e00fe15b
lumb_20	1a387c5a-10d0-4a4b-9e5d-23184f15d70c
lumb_21	1cfb1bb1-082b-4fda-a30a-ad5189c7602b
lumb_22	1dcce010-051a-42dc-a569-f669660fe99a
lumb_23	1e086721-663c-47b9-9753-a468d2b1df1b
lumb_24	1ec0101f-dc3b-4d2e-b182-b70350f92562
lumb_25	1fa10a5d-7fc9-4a26-9251-bade7c2cbf13
lumb_26	2084c32d-ed1a-43a7-adbb-ff2338363e11
lumb_27	23c38a57-6a93-4845-8c80-53d2fb835d37
lumb_28	263be494-445c-469b-8b53-d27860d73f8d
lumb_29	27715ff1-8709-46a3-84c3-41b1ae9dbbc4
lumb_30	29a000d7-43d4-4f30-b63b-35836f20384a
lumb_31	2c3d8b4c-f188-43e2-8b4b-246ad2e392a2
lumb_32	2d4e7bff-a4ec-4bf0-9925-6b21b231f4b8
lumb_33	2def89d4-9863-4170-880b-4fec28a1465b
lumb_34	2e06544e-c9e6-4f9b-a1d9-804c7051ddd5
lumb_35	2e3fb75f-065e-4db0-bddf-8bcc6c7ace38
lumb_36	2e5d28ee-b288-466f-9d14-0ed674e0c6b0
lumb_37	2ea69f1e-ccd7-4691-a0c1-f6cb6f5f343c
lumb_38	2f0ceb78-d089-4bda-8cd7-a9998b3ef37c
lumb_39	2fb480d8-ea3c-40a7-aff7-c98eb38f0059
lumb_40	315dad75-6b4f-456f-be6e-77b9d066beb4
lumb_41	3285e0c3-243c-41ac-b930-880af2f6ab87
lumb_42	363b439f-0335-48f6-838b-e603c24ff1e3
lumb_43	38971878-2e49-4de3-be7c-e1ce5f1317b6
lumb_44	3ab709a7-87e2-44e5-bce1-ca2a0fc0286e
lumb_45	3de70cd5-875b-483a-9051-fe3e78038172
lumb_46	3e06faf7-1e08-4c15-9aee-8891de8cad5c
lumb_47	3f92a9cb-5bd0-44b4-bc75-efe4b8c29b92
lumb_48	40c683dc-6337-4e19-9a9d-bad8fcfaa026
lumb_49	41e8549a-9aed-42bb-9955-cf8b7aff0203
lumb_50	42063455-e17c-42aa-a825-71b32c84437f
lumb_51	458805a0-64c5-4e9a-958e-537047e41a86
lumb_52	47ba6d6f-734a-4e33-af3e-eef3783cc26b
lumb_53	48198b9b-450c-40fd-a50b-fb804e663cb0
lumb_54	48548c7f-466f-419b-b9c1-e600adc7c2fa
lumb_55	48d99272-3117-4309-9800-25900f7c695a
lumb_56	49f8fe03-b923-4bb7-b042-6cb4d6f6e2b0
lumb_57	4a98e514-5c43-4d64-a7e6-8a8d59b89f25
lumb_58	4b289590-8f98-4153-a0e8-1d59e7d3260c
lumb_59	4b29c2ad-b966-4f56-b97b-35f5d4aea434
lumb_60	4da6e060-d771-42fd-9d1b-2310848775d7
lumb_61	4f393818-bf59-495d-85cf-6ddf1571e717
lumb_62	51797bbf-7ed7-49ef-b23f-d3ba37a31ae6
lumb_63	51f01aa5-6fd7-4f74-ba41-603e338b3ed1
lumb_64	5494421e-ace6-4315-8337-edbd09f2e30e
lumb_65	58be3d70-17bf-423e-86af-fd13b6b792a2
lumb_66	5b2d8ac0-cdb6-486f-bbad-3555c216ab0a
lumb_67	5cc785cc-8845-4b90-95eb-097896412250
lumb_68	5ea9f45c-2863-4516-a5a2-057ff494b14e
lumb_69	5f623237-b478-4bca-8647-d633e9e63d7c
lumb_70	6217eb8d-0841-471a-aaba-b21023267625
lumb_71	63c1bf52-78e7-48aa-ba7c-acf89b20b1e0
lumb_72	65112812-773c-4bcc-b32d-fcef869d0e4f
lumb_73	65261a78-78b6-4276-be43-f7e7ef91829d
lumb_74	6631aa60-6bc2-4604-98ab-0c7d5187fc7f
lumb_75	666c158e-0a58-493a-8f2d-39f81778957f
lumb_76	6696111b-ca51-4c58-806d-2d5faa3a9456
lumb_77	66b6796c-a14a-4bef-ac6b-aee438e04563
lumb_78	6b688e59-a222-4068-8b2b-71494fdfde17
lumb_79	6b6c28fb-84ba-407c-9317-3fad63e9e35d
lumb_80	6cb7dc53-ea35-431b-9bd9-4f13f5ec40fd
lumb_81	6e3c544e-9a1d-431d-8775-cbbd41de89c2
lumb_82	6eee21c1-5bc4-4eb7-bf40-151fc831d5b9
lumb_83	6f1627be-b4c7-4b99-874b-f1313bc2f284
lumb_84	709852ad-ac59-48af-ba05-2d7a80326afa
lumb_85	70b9ece6-dedc-44c7-8f35-b78d9bac626e
lumb_86	712486dc-9fc5-4e76-85ae-34a1e35120b5
lumb_87	716578b3-e202-483b-b15c-784f5a0c60f3
lumb_88	72908a86-8eb9-4a84-af76-cea3e9eed064
lumb_89	72f2a477-f43f-4ffe-a233-e09a3b66da3b
lumb_90	7304a16f-da9e-4769-90e7-8bf1439fbfb1
lumb_91	73792381-9fcb-4a9f-b192-9eb30f94a4fa
lumb_92	74d626f8-5b32-4cc9-b86a-2ddd8fd46651
lumb_93	7513e337-00ae-48cc-8be4-a62fa39602b9
lumb_94	768075b7-62ca-4f16-b1a6-7700c94a146b
lumb_95	778e70fe-3515-4314-8035-c97e1970bf69
lumb_96	77cf9295-680b-433c-98b6-022747c28474
lumb_97	77d07305-dbcf-4795-9f23-e69fc65b04b1
lumb_98	7d50bbff-dd79-407c-8701-a42c332c404f
lumb_99	7de0d9d1-8ff8-4bc3-a4b0-a10092804380
lumb_100	7e96d825-cf43-4caa-b6be-9a972e9295f3
lumb_101	800c72cb-4f3b-4ba0-bc8c-a1c62b0e943f
lumb_102	80737d22-494c-491b-82de-4e3ab2f693ef
lumb_103	809e26fd-e8ab-4ad2-aaac-25fbfe767682
lumb_104	818dbfb5-8c4a-44d1-a44d-6cb138dadca6
lumb_105	8444c824-a5d8-4d12-a94e-10875f0bbc4e
lumb_106	8805f2a1-b210-4663-b5c6-f2f9baca280a
lumb_107	888a41e1-bc82-44a2-b2c1-05b7590ab22a
lumb_108	88bb74ad-b634-48d4-a342-83850d37069a
lumb_109	89a93ef7-73a7-451f-9c83-251b827f02c6
lumb_110	8b4314b3-0f2a-4451-87ff-ad498c7a1ab9
lumb_111	8bb0471f-9d25-4c27-9a4c-ecc00090a7da
lumb_112	8cd0933f-c93e-4265-a6c4-6892f407ced9
lumb_113	8fcff679-66ba-4348-93ed-eb7166302c3e
lumb_114	907cd6bb-05fd-4557-b21d-d8d8d16fb8a3
lumb_115	91094862-5aee-4304-b503-12a163a52532
lumb_116	9240c87f-41fc-4576-aedb-2c8010079920
lumb_117	938700b3-a62c-4bb7-886f-7b01dc98e33b
lumb_118	93a1aed5-c6cc-4e07-9060-fd6cead060b2
lumb_119	93d6d838-9563-4daa-ab69-5ba0073c9d1d
lumb_120	93e94458-a4e5-4de6-b4f0-13eb5e558d74
lumb_121	9432254f-7c2d-4b93-adc6-8c360c0e2e20
lumb_122	95021181-8971-4d62-acf9-9a7bd1b960f2
lumb_123	965e2ec0-0a64-4ad1-a201-97cdf65dcb39
lumb_124	9add77c5-e24a-4c2f-9e79-fa09dc8697cd
lumb_125	9c9304d2-57bc-42b3-91ae-e4671165e030
lumb_126	9e80cde3-cb84-4a55-a77d-15eb2d799d10
lumb_127	a1b53759-99b5-4470-bb22-242ab09561dd
lumb_128	a20f3655-2ba9-4af6-b683-490b69c54070
lumb_129	a22ae2e3-fd36-4ec5-a76d-a34a3961060b
lumb_130	a3f4ad97-3d59-4568-84e8-674280b1f04a
lumb_131	a6343496-02a8-41be-ba50-25df086b21f7
lumb_132	a91f1e9c-3bb5-4b46-b62c-ae39f70f183f
lumb_133	ac9a0bec-1011-41da-b5b4-774fed87b5b0
lumb_134	ad305034-cc87-4557-9031-a50710646810
lumb_135	b2b8924a-2ad1-4463-9b5d-c6c5609318ef
lumb_136	b3696964-30e2-4342-914d-d7c2f5c88322
lumb_137	b412fc52-5776-4ff9-b9c4-829efabfb377
lumb_138	b41bd6ce-5113-4a6f-86d8-17c45406b1ac
lumb_139	b7d03467-5de2-47e1-9f1b-2ab9e2a968f4
lumb_140	b8269119-af11-4653-bab9-fb56da542fab
lumb_141	b8726c73-a8fe-4444-b034-a3100bd3d02b
lumb_142	b8ee56ee-5cac-45d1-af7d-d89eb8fa3360
lumb_143	b9f519b1-a3ef-48a2-8a66-fe83096ef611
lumb_144	bac34a30-d37a-4bd6-a196-ff72ecd07e65
lumb_145	bdf230f7-71c7-4ee8-b1ed-b29015b40f57
lumb_146	c1636423-5fa8-4d4c-bba1-b9dd369e3830
lumb_147	c338d9aa-93a4-48d4-9774-e9c5b1a5b589
lumb_148	c3744133-3c3e-4f65-b3cc-3ddadc486384
lumb_149	c5e3d0a9-e703-4c1c-92eb-3dcc093d14e2
lumb_150	c64f2c9b-e2e4-4a48-94e8-7f76569c8b7b
lumb_151	c668fd1c-a18a-4f11-89bb-5e5384da30d6
lumb_152	c70418fa-6b66-401e-b1c4-330100fe60a0
lumb_153	c7064fcd-f96a-4977-8782-9131dfdf843e
lumb_154	ca39b4e5-b1ee-4f4f-a78c-5aaf90044663
lumb_155	cbe5aea9-00bc-40c4-9e9d-bbf285a2b8df
lumb_156	cdb4d8c0-f68c-4b40-a1b4-7b3b8324d9e1
lumb_157	ce2bf11c-61cb-49c7-8135-906719050d28
lumb_158	d01c9656-e545-4261-aceb-135ef42825ce
lumb_159	d2046f6d-cec0-4e39-a437-8be0a260cfa4
lumb_160	d46db8e4-b4f2-4a38-b4f1-57bb62d5c989
lumb_161	d52157a2-cf02-470c-b912-78697cb75086
lumb_162	d6e0a8bc-62cf-476a-8528-9a6e7b98871f
lumb_163	d814b694-f289-4784-bf97-2d21aef93e18
lumb_164	d8bafd3e-45a4-4392-b06d-554c5d2eb95a
lumb_165	da97f597-b09e-40b2-8517-e98c3e643ce3
lumb_166	dbda4063-8216-488e-b84f-65847e980fe5
lumb_167	dbfe507d-f859-4ca8-9da1-18bfe3e89a68
lumb_168	dc99456b-c429-4e33-8ceb-26dd8d43b78a
lumb_169	e06babf2-ca3c-4bde-9c36-9799e305c520
lumb_170	e1551e9a-dffe-4810-9836-3567199c4092
lumb_171	e18e9c74-60c6-4687-93e5-6d216c131587
lumb_172	e3703f32-e1f2-4f3a-9861-6e25fdbd8144
lumb_173	e41ffe8d-8ad8-4ca1-9110-52c105f6f7ca
lumb_174	e58bcf4e-94ae-47b3-9148-43a76567841d
lumb_175	e5ab2046-c8a8-4636-865c-c92d6b3da823
lumb_176	e866c189-b2f5-4948-afcf-adfc6ff323eb
lumb_177	e8763755-1460-48c9-b60a-5a5b9ed61da5
lumb_178	e96765f9-45a3-446f-924a-45202dd4b7db
lumb_179	eb8bc681-2b7a-4100-a3cc-b8b90e1f017f
lumb_180	ed8ece0b-e4c8-4789-be92-e5ef0f0e6af2
lumb_181	f2824bc4-e4fd-4416-83ce-f9ab555cd208
lumb_182	f5222559-bf86-457c-af8d-b14e676ae34c
lumb_183	f532e691-9f2f-4535-b6ab-00ff42e14176
lumb_184	f6d13af1-9daf-4ede-92d7-986820f4e3cd
lumb_185	f9396883-7828-4aaf-b487-9deec4e199fb
lumb_186	fb2d1af2-81a7-4eb7-8a49-e6448c76e44e
lumb_187	fc728459-51da-4bed-8f19-89c724e2139f
lumb_188	fcd41d63-c0f1-4f8e-ad1f-ea398203a3a4
lumb_189	ff8bc49a-9c34-45ab-864b-0e052fd6e594
